{
    "model_name": "s_model",
    "graph_resolution": 100000,
    "graph_range": [
        100,
        1000
    ],
    "used_frequency_range": [
        250,
        800
    ],
    "designs": {
        "Design 1": [
            4.759200096130371,
            4.433000087738037,
            3.80430006980896,
            14.275199890136719,
            48.86909866333008
        ],
        "Design 2": [
            1.6521999835968018,
            0.0,
            6.401899814605713,
            18.88949966430664,
            49.652000427246094
        ],
        "Design 3": [
            5.145267963409424,
            10.600296020507812,
            2.809701442718506,
            15.772881507873535,
            54.28204345703125
        ]
    }
}