{
    "model_name": "s_model",
    "graph_resolution": 100000,
    "graph_range": [
        150,
        900
    ],
    "used_frequency_range": [
        250,
        800
    ],
    "designs": {
        "Design 1": [
            4.041200160980225,
            10.22130012512207,
            6.364099979400635,
            8.043499946594238,
            51.200599670410156
        ],
        "Design 2": [
            4.669099807739258,
            6.424600124359131,
            4.366099834442139,
            12.92300033569336,
            52.89350128173828
        ],
        "Design 3": [
            4.758999824523926,
            4.433599948883057,
            3.801800012588501,
            14.274299621582031,
            48.86199951171875
        ],
        "Design 4": [
            4.830599784851074,
            4.689599990844727,
            4.334099769592285,
            15.55150032043457,
            54.47880172729492
        ],
        "Design 5": [
            0.7158153057098389,
            11.380989074707031,
            5.133440971374512,
            16.929983139038086,
            51.209495544433594
        ]
    }
}